{
  "h6_mae": {
    "global": 0.6041960829448934,
    "community": 0.5647774561058744,
    "activity_degree": 0.4248344543126058,
    "inductive": 0.4211872015548501
  },
  "h6_lift_vs_global": 0.30289650422433284,
  "h6_lift_vs_community": 0.2542421851273513,
  "h6_lift_vs_activity_degree": 0.008585115262501577,
  "h3_pooled_coef": 0.12408369719216274,
  "h3_pooled_p": 1.2449554776520161e-09,
  "h3_within_coef": 0.17352659778838644,
  "h3_within_p": 3.3810098874341295e-18,
  "h5_rewire_mean": 0.019055326716056774,
  "h5_rewire_p5": 0.016859473168479296,
  "h5_rewire_p95": 0.021660957375336402,
  "h5_draws": 60
}